UserID,Age,Gender,Location,TotalSpend,TotalOrders,BrowsingTime,Category_Electronics,Category_Clothing,Category_Home,AvgOrderValue,Cluster,DBSCAN_Cluster,ClusterLabel
1001,56,1,2,529.38,7,28.2,1,0,1,75.62571428571428,0,0,High Spenders
1002,46,1,1,353.24,11,35.3,0,1,0,32.11272727272728,2,1,Low Activity Users
1003,32,1,0,561.24,12,24.1,1,0,0,46.77,0,2,High Spenders
1004,60,1,1,244.61,9,24.1,1,1,0,27.178888888888892,2,-1,Low Activity Users
1005,25,1,0,654.37,6,41.8,1,0,0,109.06166666666667,3,2,Browsers
1006,38,0,0,570.89,12,23.5,0,1,1,47.57416666666666,1,3,Frequent Shoppers
1007,56,1,2,538.4,8,41.7,1,0,1,67.3,0,0,High Spenders
1008,36,1,2,647.4,7,39.6,1,0,1,92.48571428571428,3,0,Browsers
1009,40,1,1,749.82,7,17.7,1,1,0,107.11714285714287,3,-1,Browsers
1010,28,0,2,652.16,4,28.2,1,1,0,163.04,3,-1,Browsers
1011,28,0,2,223.87,7,46.9,1,0,0,31.981428571428573,1,-1,Frequent Shoppers
1012,41,1,0,308.06,14,25.2,1,0,1,22.004285714285714,0,-1,High Spenders
1013,53,0,2,406.28,10,30.4,1,1,0,40.628,2,4,Low Activity Users
1014,57,1,0,503.91,8,39.6,0,0,1,62.98875,0,5,High Spenders
1015,41,1,0,577.65,10,42.8,0,1,1,57.765,2,6,Low Activity Users
1016,20,0,0,391.14,10,32.5,1,0,1,39.114,0,8,High Spenders
1017,39,1,1,528.02,7,29.0,0,1,1,75.43142857142857,2,6,Low Activity Users
1018,19,0,1,386.69,5,49.2,0,0,0,77.338,1,9,Frequent Shoppers
1019,41,0,1,408.27,13,52.4,1,1,1,31.405384615384612,1,11,Frequent Shoppers
1020,61,1,0,289.0,16,44.8,0,1,0,18.0625,2,1,Low Activity Users
1021,47,1,1,361.52,9,35.9,1,0,1,40.16888888888889,0,0,High Spenders
1022,55,0,1,297.25,10,26.9,1,1,0,29.725,2,4,Low Activity Users
1023,19,1,2,353.62,10,26.7,1,0,0,35.362,0,2,High Spenders
1024,38,1,1,658.05,5,40.2,1,1,1,131.60999999999999,3,-1,Browsers
1025,50,1,1,357.59,6,39.2,1,1,1,59.59833333333333,2,12,Low Activity Users
1026,29,0,0,894.86,8,49.0,0,1,1,111.8575,3,-1,Browsers
1027,39,0,0,574.0,10,41.5,1,0,0,57.4,1,7,Frequent Shoppers
1028,61,1,0,527.73,9,20.0,0,1,1,58.63666666666667,2,6,Low Activity Users
1029,42,0,0,371.25,11,45.5,1,0,1,33.75,0,8,High Spenders
1030,44,0,0,605.05,15,25.0,1,1,0,40.336666666666666,1,-1,Frequent Shoppers
1031,59,0,0,413.65,9,31.2,1,0,1,45.96111111111111,0,8,High Spenders
1032,45,0,1,518.3,13,37.5,0,0,0,39.86923076923077,1,9,Frequent Shoppers
1033,33,0,0,884.01,5,55.0,1,0,1,176.802,3,-1,Browsers
1034,32,1,0,485.59,11,66.1,1,1,0,44.14454545454545,1,-1,Frequent Shoppers
1035,64,1,2,672.39,6,41.1,1,0,0,112.065,3,-1,Browsers
1036,61,1,1,394.52,15,33.2,1,1,1,26.301333333333332,2,-1,Low Activity Users
1037,20,0,1,494.75,11,40.3,0,0,0,44.97727272727273,1,9,Frequent Shoppers
1038,54,0,1,765.62,6,43.9,1,0,1,127.60333333333334,3,-1,Browsers
1039,24,1,0,405.95,9,31.8,0,0,1,45.105555555555554,0,5,High Spenders
1040,38,0,0,771.87,9,53.0,1,0,0,85.76333333333334,3,7,Browsers
1041,26,1,0,606.16,18,37.3,0,1,1,33.675555555555555,1,-1,Frequent Shoppers
1042,56,1,2,415.63,8,40.0,0,0,0,51.95375,2,10,Low Activity Users
1043,35,1,0,594.86,9,41.7,1,0,0,66.09555555555556,0,2,High Spenders
1044,21,0,2,645.88,11,39.2,1,1,0,58.71636363636364,1,4,Frequent Shoppers
1045,42,0,1,593.27,11,43.4,0,0,0,53.93363636363636,1,9,Frequent Shoppers
1046,31,1,0,264.47,6,28.8,1,0,0,44.07833333333334,0,-1,High Spenders
1047,26,1,2,390.93,13,29.4,1,0,0,30.071538461538463,0,2,High Spenders
1048,43,1,2,462.87,6,24.0,1,0,0,77.145,0,2,High Spenders
1049,19,1,0,488.83,8,39.4,0,1,0,61.10375,1,1,Frequent Shoppers
1050,37,0,1,593.1,12,42.8,1,1,1,49.425000000000004,1,11,Frequent Shoppers
1051,45,0,1,526.66,13,39.6,1,0,1,40.51230769230769,0,8,High Spenders
1052,64,1,1,299.7,8,51.7,1,1,0,37.4625,2,-1,Low Activity Users
1053,24,1,2,557.03,10,34.9,0,1,1,55.702999999999996,2,6,Low Activity Users
1054,61,0,2,591.59,9,41.7,1,0,1,65.73222222222222,0,8,High Spenders
1055,25,0,2,583.97,9,24.1,0,1,1,64.88555555555556,1,3,Frequent Shoppers
1056,64,1,2,662.12,13,31.1,1,0,1,50.932307692307695,0,-1,High Spenders
1057,52,1,1,625.09,13,42.0,0,1,1,48.08384615384615,2,6,Low Activity Users
1058,31,1,0,568.88,9,43.5,1,1,1,63.208888888888886,0,12,High Spenders
1059,34,0,2,489.48,13,32.1,1,1,0,37.652307692307694,1,4,Frequent Shoppers
1060,53,0,2,250.86,10,34.3,0,0,1,25.086000000000002,2,14,Low Activity Users
1061,57,0,1,564.44,18,19.8,0,1,1,31.35777777777778,2,-1,Low Activity Users
1062,21,1,0,531.15,5,31.4,0,0,1,106.22999999999999,3,5,Browsers
1063,19,1,0,540.74,9,43.9,1,0,1,60.08222222222222,0,0,High Spenders
1064,23,0,1,308.49,5,40.8,1,1,0,61.698,1,-1,Frequent Shoppers
1065,59,0,1,337.84,6,40.0,1,0,0,56.306666666666665,0,-1,High Spenders
1066,21,1,0,657.97,12,35.5,1,1,0,54.83083333333334,1,13,Frequent Shoppers
1067,46,0,2,494.07,9,35.1,0,0,0,54.89666666666667,1,9,Frequent Shoppers
1068,35,0,0,602.23,10,28.4,1,0,1,60.223,0,8,High Spenders
1069,43,1,1,504.25,13,42.0,1,1,0,38.78846153846154,1,13,Frequent Shoppers
1070,61,0,2,504.46,12,39.2,1,1,0,42.038333333333334,2,4,Low Activity Users
1071,51,1,2,640.74,10,39.9,1,1,0,64.074,2,-1,Low Activity Users
1072,27,1,1,422.59,11,29.7,1,1,0,38.417272727272724,1,13,Frequent Shoppers
1073,53,1,1,514.42,4,13.5,1,0,1,128.605,3,-1,Browsers
1074,31,1,1,430.66,6,46.0,1,0,0,71.77666666666667,0,2,High Spenders
1075,48,1,0,434.83,10,30.2,0,0,1,43.483,0,5,High Spenders
1076,32,1,0,453.62,2,26.4,1,1,0,226.81,3,-1,Browsers
1077,25,1,2,533.32,12,41.9,1,0,1,44.443333333333335,0,0,High Spenders
1078,31,0,1,428.19,4,31.1,1,1,1,107.0475,3,-1,Browsers
1079,40,1,2,688.36,17,45.6,1,0,0,40.49176470588235,0,2,High Spenders
1080,57,1,2,365.81,8,41.2,0,1,0,45.72625,2,1,Low Activity Users
1081,38,0,2,471.97,8,41.8,0,0,0,58.99625,1,9,Frequent Shoppers
1082,33,0,2,434.04,12,21.3,0,0,0,36.17,1,-1,Frequent Shoppers
1083,62,0,1,717.05,6,47.1,0,1,1,119.50833333333333,3,-1,Browsers
1084,35,1,2,529.48,8,37.6,0,0,1,66.185,2,5,Low Activity Users
1085,64,0,1,654.78,8,31.3,0,1,0,81.8475,2,15,Low Activity Users
1086,41,1,1,277.17,11,36.4,1,0,0,25.19727272727273,0,2,High Spenders
1087,43,1,0,540.06,7,17.2,0,0,1,77.15142857142857,0,-1,High Spenders
1088,42,1,1,633.44,11,39.1,0,1,0,57.58545454545455,2,1,Low Activity Users
1089,62,1,0,512.34,11,24.7,1,1,1,46.57636363636364,0,12,High Spenders
1090,58,0,1,659.82,13,21.5,0,0,0,50.75538461538462,1,-1,Frequent Shoppers
1091,46,0,1,422.41,11,19.8,1,0,1,38.400909090909096,0,8,High Spenders
1092,32,1,1,711.4,13,46.1,1,0,1,54.723076923076924,0,0,High Spenders
1093,62,1,0,844.83,6,28.7,0,0,1,140.805,3,-1,Browsers
1094,18,1,0,445.57,16,50.3,1,0,1,27.848125,0,-1,High Spenders
1095,42,0,2,433.17,9,29.6,0,0,1,48.13,2,14,Low Activity Users
1096,24,1,0,718.01,9,17.9,0,1,0,79.77888888888889,1,-1,Frequent Shoppers
1097,26,1,0,736.94,16,23.8,1,1,1,46.05875,0,12,High Spenders
1098,41,0,0,421.57,6,47.4,1,1,0,70.26166666666667,1,4,Frequent Shoppers
1099,18,0,0,436.97,14,33.4,0,0,1,31.212142857142858,1,-1,Frequent Shoppers
1100,61,1,2,457.73,8,29.5,1,0,1,57.21625,0,0,High Spenders
1101,25,0,0,298.33,15,36.6,1,0,0,19.888666666666666,1,-1,Frequent Shoppers
1102,41,0,1,362.2,13,40.0,0,1,0,27.861538461538462,1,15,Frequent Shoppers
1103,28,1,1,349.38,13,46.2,0,1,0,26.875384615384615,1,1,Frequent Shoppers
1104,34,0,0,384.83,6,49.5,1,0,0,64.13833333333334,1,-1,Frequent Shoppers
1105,25,1,0,494.8,6,31.4,0,0,1,82.46666666666667,0,5,High Spenders
1106,52,0,1,535.13,13,21.7,0,1,0,41.16384615384615,1,15,Frequent Shoppers
1107,52,1,1,732.58,10,30.9,0,1,1,73.25800000000001,2,6,Low Activity Users
1108,50,1,2,350.25,12,37.6,0,1,0,29.1875,2,1,Low Activity Users
1109,22,1,1,647.65,11,25.4,0,0,0,58.877272727272725,1,-1,Frequent Shoppers
1110,59,0,1,467.9,8,25.4,0,0,1,58.4875,2,14,Low Activity Users
1111,56,1,0,492.58,11,38.4,0,0,1,44.78,0,5,High Spenders
1112,58,0,1,601.22,6,34.5,1,1,0,100.20333333333333,3,4,Browsers
1113,45,1,2,331.59,5,35.3,0,1,1,66.318,2,6,Low Activity Users
1114,24,1,1,557.36,13,27.4,1,0,1,42.87384615384615,0,0,High Spenders
1115,26,0,0,524.97,10,32.7,1,0,1,52.497,0,8,High Spenders
1116,25,1,0,573.87,11,25.8,1,1,1,52.17,0,12,High Spenders
1117,29,1,1,543.38,9,43.9,0,0,1,60.37555555555556,0,5,High Spenders
1118,51,0,0,868.3,10,45.4,0,1,1,86.83,3,-1,Browsers
1119,50,1,2,404.34,13,16.5,1,1,1,31.10307692307692,2,12,Low Activity Users
1120,40,1,2,420.35,12,25.7,0,0,1,35.02916666666667,2,5,Low Activity Users
1121,41,1,1,406.53,18,20.0,1,1,0,22.584999999999997,1,-1,Frequent Shoppers
1122,54,1,1,416.68,8,28.5,0,0,1,52.085,2,5,Low Activity Users
1123,52,0,1,404.39,8,34.2,0,1,0,50.54875,2,15,Low Activity Users
1124,61,0,0,678.35,9,20.5,1,1,1,75.37222222222222,0,-1,High Spenders
1125,57,1,2,713.08,14,25.8,1,0,1,50.934285714285714,0,-1,High Spenders
1126,39,0,2,414.39,9,25.0,1,1,1,46.04333333333333,2,11,Low Activity Users
1127,44,1,0,375.15,12,37.1,0,0,1,31.2625,0,5,High Spenders
1128,52,0,2,570.71,11,35.7,1,0,0,51.88272727272727,1,7,Frequent Shoppers
1129,18,1,1,417.17,13,27.8,0,1,0,32.09,1,-1,Frequent Shoppers
1130,52,1,1,594.94,11,36.8,0,0,1,54.08545454545455,0,5,High Spenders
1131,54,1,1,530.44,11,29.5,0,0,0,48.221818181818186,2,10,Low Activity Users
1132,64,1,2,272.64,11,32.3,1,0,1,24.785454545454545,0,0,High Spenders
1133,31,1,1,732.13,11,51.7,1,0,1,66.55727272727273,0,0,High Spenders
1134,20,1,0,769.38,8,48.4,1,0,0,96.1725,3,2,Browsers
1135,18,0,0,408.08,10,22.0,0,0,0,40.808,1,-1,Frequent Shoppers
1136,22,1,2,441.84,4,43.3,0,1,1,110.46,3,-1,Browsers
1137,43,0,0,542.88,13,43.1,1,0,1,41.76,0,8,High Spenders
1138,31,1,0,550.17,9,23.5,0,1,0,61.129999999999995,1,1,Frequent Shoppers
1139,56,0,2,598.78,8,43.2,0,1,1,74.8475,2,3,Low Activity Users
1140,44,0,1,801.53,5,50.4,1,0,0,160.30599999999998,3,-1,Browsers
1141,26,0,1,473.46,11,23.8,1,1,1,43.04181818181818,1,11,Frequent Shoppers
1142,32,1,1,380.26,11,25.8,1,1,1,34.56909090909091,0,12,High Spenders
1143,32,1,2,293.1,11,45.2,0,0,0,26.645454545454548,2,10,Low Activity Users
1144,43,0,0,390.36,5,37.7,0,0,0,78.072,1,9,Frequent Shoppers
1145,59,1,1,495.03,14,40.5,0,0,0,35.35928571428571,2,10,Low Activity Users
1146,30,0,1,769.18,11,38.4,0,1,1,69.92545454545454,1,-1,Frequent Shoppers
1147,49,1,2,422.36,7,38.9,0,1,1,60.33714285714286,2,6,Low Activity Users
1148,56,0,1,533.57,8,21.7,1,0,1,66.69625,0,8,High Spenders
1149,49,0,2,497.54,8,45.5,0,0,1,62.1925,2,14,Low Activity Users
1150,21,1,0,678.26,7,46.7,0,1,0,96.89428571428572,3,1,Browsers
1151,47,0,2,879.04,7,32.7,0,1,1,125.57714285714285,3,-1,Browsers
1152,54,1,2,420.37,10,34.6,1,1,1,42.037,2,12,Low Activity Users
1153,40,0,2,426.58,6,19.7,1,1,1,71.09666666666666,2,11,Low Activity Users
1154,56,0,2,656.62,12,40.1,1,0,0,54.718333333333334,1,-1,Frequent Shoppers
1155,62,1,0,602.28,9,40.7,0,1,1,66.92,2,6,Low Activity Users
1156,32,1,0,777.01,13,34.4,1,1,1,59.769999999999996,0,12,High Spenders
1157,60,1,1,587.59,11,46.2,1,1,0,53.41727272727273,2,13,Low Activity Users
1158,46,0,0,446.11,17,31.7,1,1,1,26.241764705882353,1,-1,Frequent Shoppers
1159,53,1,0,588.6,3,40.6,0,0,1,196.20000000000002,3,-1,Browsers
1160,30,0,1,666.31,8,24.8,1,0,0,83.28875,1,7,Frequent Shoppers
1161,49,0,0,623.07,15,34.8,0,1,1,41.538000000000004,1,3,Frequent Shoppers
1162,24,1,2,576.09,8,33.3,0,1,1,72.01125,2,6,Low Activity Users
1163,39,1,2,660.0,9,37.3,1,0,1,73.33333333333333,0,0,High Spenders
1164,45,0,1,675.39,4,31.3,0,0,0,168.8475,3,-1,Browsers
1165,19,0,1,707.32,15,33.7,1,1,1,47.15466666666667,1,11,Frequent Shoppers
1166,59,1,1,597.31,10,43.3,0,1,1,59.730999999999995,2,6,Low Activity Users
1167,62,1,2,474.93,18,30.6,1,0,0,26.385,0,-1,High Spenders
1168,23,1,0,522.01,16,18.9,1,0,0,32.625625,0,2,High Spenders
1169,45,1,2,680.98,9,52.5,1,0,1,75.66444444444444,0,0,High Spenders
1170,45,1,1,377.46,7,48.8,0,0,1,53.92285714285714,2,5,Low Activity Users
1171,61,0,0,555.3,7,22.1,1,0,1,79.32857142857142,0,8,High Spenders
1172,61,0,0,441.0,11,41.9,0,0,1,40.09090909090909,2,-1,Low Activity Users
1173,37,0,2,504.31,5,30.0,1,1,0,100.862,3,-1,Browsers
1174,47,0,1,691.77,7,37.6,0,0,1,98.82428571428571,3,-1,Browsers
1175,28,1,2,528.66,14,37.9,0,0,0,37.76142857142857,1,-1,Frequent Shoppers
1176,45,1,0,506.97,10,32.7,1,0,0,50.697,0,2,High Spenders
1177,42,1,2,296.02,10,27.2,1,0,1,29.601999999999997,0,0,High Spenders
1178,56,0,2,611.94,10,28.1,1,1,1,61.194,2,11,Low Activity Users
1179,50,0,1,596.82,10,25.8,1,1,0,59.682,1,4,Frequent Shoppers
1180,18,1,1,824.49,11,26.7,1,0,0,74.95363636363636,0,2,High Spenders
1181,44,1,0,453.83,4,34.3,0,1,1,113.4575,3,-1,Browsers
1182,30,0,2,532.87,13,27.8,1,1,0,40.99,1,4,Frequent Shoppers
1183,58,0,2,537.41,7,41.8,1,1,1,76.77285714285713,2,11,Low Activity Users
1184,20,1,2,736.62,6,49.9,0,1,1,122.77,3,6,Browsers
1185,56,1,0,485.71,13,29.2,1,1,0,37.36230769230769,0,13,High Spenders
1186,23,0,0,541.85,7,37.4,1,1,0,77.40714285714286,1,4,Frequent Shoppers
1187,25,1,1,591.18,10,40.0,0,0,1,59.117999999999995,0,5,High Spenders
1188,44,1,1,527.99,10,39.7,1,0,0,52.799,0,2,High Spenders
1189,26,1,1,433.03,5,35.8,1,0,1,86.606,0,-1,High Spenders
1190,54,0,2,529.11,13,42.4,1,0,1,40.70076923076923,0,8,High Spenders
1191,50,0,2,661.04,7,39.8,0,0,1,94.4342857142857,3,14,Browsers
1192,59,0,1,346.02,8,22.6,1,1,0,43.2525,2,4,Low Activity Users
1193,61,0,2,519.95,11,43.7,0,0,1,47.26818181818182,2,14,Low Activity Users
1194,41,0,1,394.98,13,43.9,1,0,1,30.383076923076924,0,8,High Spenders
1195,32,0,0,679.26,15,27.4,0,1,1,45.284,1,3,Frequent Shoppers
1196,49,0,1,271.52,6,35.4,1,1,1,45.25333333333333,2,-1,Low Activity Users
1197,49,1,0,416.16,13,41.8,0,0,1,32.012307692307694,0,5,High Spenders
1198,41,1,2,556.58,6,32.9,0,1,1,92.76333333333334,2,6,Low Activity Users
1199,58,1,1,734.83,7,45.7,0,1,1,104.97571428571429,3,6,Browsers
1200,29,1,2,490.14,11,58.6,0,1,1,44.558181818181815,2,6,Low Activity Users
1201,56,1,0,416.72,9,27.1,0,1,1,46.30222222222223,2,6,Low Activity Users
1202,19,1,0,782.17,5,21.2,0,0,1,156.434,3,-1,Browsers
1203,20,1,0,282.8,13,38.0,1,1,1,21.753846153846155,0,-1,High Spenders
1204,54,0,2,170.18,19,42.2,1,0,0,8.956842105263158,1,-1,Frequent Shoppers
1205,34,0,2,566.0,11,32.7,0,0,1,51.45454545454545,1,14,Frequent Shoppers
1206,19,1,2,424.69,14,49.5,0,1,1,30.335,2,6,Low Activity Users
1207,19,1,2,346.82,6,21.6,0,1,1,57.803333333333335,2,-1,Low Activity Users
1208,45,0,0,606.25,11,41.9,0,1,0,55.11363636363637,1,15,Frequent Shoppers
1209,40,1,0,536.57,7,28.9,1,0,1,76.65285714285714,0,0,High Spenders
1210,54,1,1,415.39,13,52.2,0,1,0,31.95307692307692,2,1,Low Activity Users
1211,49,0,1,307.95,12,54.9,1,1,1,25.662499999999998,2,-1,Low Activity Users
1212,50,1,2,630.87,10,27.3,1,1,1,63.087,2,12,Low Activity Users
1213,18,0,0,597.53,10,29.5,0,1,0,59.753,1,15,Frequent Shoppers
1214,36,1,0,485.12,10,43.6,0,1,1,48.512,2,6,Low Activity Users
1215,19,0,0,777.0,8,31.1,1,0,0,97.125,3,7,Browsers
1216,61,0,1,339.49,5,34.5,1,1,0,67.898,2,4,Low Activity Users
1217,43,0,1,271.17,6,35.3,0,1,1,45.195,2,3,Low Activity Users
1218,49,1,0,396.21,9,15.8,0,1,1,44.02333333333333,2,6,Low Activity Users
1219,23,0,0,493.16,11,34.9,0,0,1,44.832727272727276,1,-1,Frequent Shoppers
1220,49,1,0,536.5,8,28.1,1,1,1,67.0625,0,12,High Spenders
1221,21,1,1,463.81,11,30.1,1,0,0,42.164545454545454,0,2,High Spenders
1222,28,1,0,552.81,12,49.4,0,0,0,46.067499999999995,1,-1,Frequent Shoppers
1223,34,1,0,312.27,12,22.4,1,1,1,26.022499999999997,0,12,High Spenders
1224,55,0,2,716.56,8,43.1,1,1,0,89.57,3,4,Browsers
1225,41,0,2,487.68,12,32.2,0,1,0,40.64,1,15,Frequent Shoppers
1226,22,1,1,667.59,8,32.2,0,0,1,83.44875,3,5,Browsers
1227,51,1,0,551.41,13,42.9,1,0,0,42.41615384615385,0,2,High Spenders
1228,23,0,0,568.51,12,38.4,1,0,0,47.37583333333333,1,7,Frequent Shoppers
1229,39,1,2,585.47,5,40.7,0,0,1,117.09400000000001,3,5,Browsers
1230,28,0,1,567.16,10,44.7,0,0,0,56.715999999999994,1,9,Frequent Shoppers
1231,33,1,2,596.41,10,31.7,0,0,1,59.641,0,5,High Spenders
1232,50,1,2,699.37,21,28.9,0,1,0,33.303333333333335,2,-1,Low Activity Users
1233,26,0,2,529.48,9,24.1,0,1,1,58.83111111111111,1,3,Frequent Shoppers
1234,23,1,2,606.35,8,26.7,1,0,0,75.79375,0,2,High Spenders
1235,33,0,0,486.54,8,64.5,1,1,0,60.8175,1,-1,Frequent Shoppers
1236,46,1,0,716.02,12,47.4,1,1,1,59.66833333333333,0,12,High Spenders
1237,20,1,2,398.54,14,21.5,1,0,1,28.467142857142857,0,0,High Spenders
1238,37,1,1,770.14,14,21.8,0,0,1,55.01,0,-1,High Spenders
1239,53,0,1,493.98,12,39.8,0,1,1,41.165,2,3,Low Activity Users
1240,36,1,1,285.38,5,40.5,0,0,0,57.076,2,-1,Low Activity Users
1241,43,1,1,519.22,8,40.5,1,0,0,64.9025,0,2,High Spenders
1242,20,1,2,397.84,8,32.5,1,1,0,49.73,1,13,Frequent Shoppers
1243,36,1,0,626.1,12,33.7,1,0,1,52.175000000000004,0,0,High Spenders
1244,37,0,1,402.11,12,38.3,0,1,0,33.509166666666665,1,15,Frequent Shoppers
1245,49,0,2,433.07,15,35.9,1,1,0,28.871333333333332,1,4,Frequent Shoppers
1246,24,1,1,216.57,4,12.8,0,1,1,54.1425,2,-1,Low Activity Users
1247,58,0,1,432.15,13,32.7,0,1,1,33.24230769230769,2,3,Low Activity Users
1248,50,1,2,136.42,14,26.5,0,1,0,9.744285714285713,2,-1,Low Activity Users
1249,57,1,0,262.41,11,36.8,0,0,1,23.85545454545455,2,5,Low Activity Users
1250,56,1,0,614.06,14,64.9,0,0,0,43.86142857142857,2,-1,Low Activity Users
1251,35,0,2,617.87,10,38.7,0,0,0,61.787,1,9,Frequent Shoppers
1252,57,0,0,563.82,8,31.9,1,0,1,70.4775,0,8,High Spenders
1253,18,0,2,354.95,13,44.2,0,1,0,27.303846153846152,1,-1,Frequent Shoppers
1254,28,0,2,492.84,15,39.8,0,1,1,32.856,1,3,Frequent Shoppers
1255,45,0,2,499.46,11,39.2,1,0,1,45.405454545454546,0,8,High Spenders
1256,42,0,0,326.25,11,41.1,0,1,0,29.65909090909091,1,15,Frequent Shoppers
1257,40,0,2,725.51,7,55.6,1,0,0,103.64428571428572,3,-1,Browsers
1258,48,0,1,631.6,5,23.7,1,0,0,126.32000000000001,3,-1,Browsers
1259,47,0,0,466.86,10,39.7,1,0,1,46.686,0,8,High Spenders
1260,59,1,0,504.03,17,25.7,0,1,0,29.648823529411764,2,1,Low Activity Users
1261,52,0,0,531.26,12,40.6,0,1,1,44.27166666666667,2,3,Low Activity Users
1262,24,0,0,193.74,11,25.8,1,1,1,17.612727272727273,1,-1,Frequent Shoppers
1263,33,0,1,462.92,7,30.8,0,1,0,66.13142857142857,1,15,Frequent Shoppers
1264,43,0,0,397.7,10,32.0,0,0,1,39.769999999999996,0,-1,High Spenders
1265,19,0,0,349.76,6,44.8,1,1,0,58.29333333333333,1,4,Frequent Shoppers
1266,18,0,2,457.83,10,44.2,1,1,0,45.783,1,4,Frequent Shoppers
1267,29,0,0,769.65,11,22.5,0,1,0,69.96818181818182,1,15,Frequent Shoppers
1268,22,0,1,596.13,7,35.5,1,0,0,85.16142857142857,1,7,Frequent Shoppers
1269,54,0,1,414.32,7,27.9,1,0,0,59.18857142857143,0,7,High Spenders
1270,49,0,1,585.89,5,22.4,1,1,0,117.178,3,-1,Browsers
1271,26,0,1,709.9,13,32.8,0,1,0,54.607692307692304,1,15,Frequent Shoppers
1272,58,1,0,638.7,10,31.9,0,1,1,63.870000000000005,2,6,Low Activity Users
1273,52,1,0,508.94,16,59.3,0,1,0,31.80875,2,1,Low Activity Users
1274,36,0,1,402.96,5,39.3,1,0,1,80.592,0,8,High Spenders
1275,33,0,1,604.73,5,21.2,0,1,1,120.946,3,-1,Browsers
1276,20,1,0,559.02,10,29.4,1,1,1,55.902,0,12,High Spenders
1277,37,0,1,634.28,10,45.2,0,1,0,63.428,1,15,Frequent Shoppers
1278,41,1,2,595.28,8,55.9,0,0,1,74.41,2,-1,Low Activity Users
1279,50,1,1,657.43,9,19.1,1,0,1,73.04777777777777,0,0,High Spenders
1280,41,1,1,419.71,15,16.2,0,1,0,27.980666666666664,2,-1,Low Activity Users
1281,28,1,2,697.61,11,53.7,1,1,0,63.41909090909091,1,-1,Frequent Shoppers
1282,25,1,2,529.64,13,38.9,0,1,1,40.74153846153846,2,6,Low Activity Users
1283,53,0,0,811.29,11,26.3,0,1,0,73.75363636363636,1,15,Frequent Shoppers
1284,55,1,0,396.62,7,40.3,1,1,0,56.660000000000004,2,13,Low Activity Users
1285,57,0,2,760.39,11,8.6,1,0,0,69.12636363636364,0,-1,High Spenders
1286,37,0,2,529.69,5,35.0,1,0,0,105.93800000000002,3,7,Browsers
1287,52,1,0,402.29,10,38.3,0,0,1,40.229,0,5,High Spenders
1288,42,1,1,427.42,6,44.2,0,1,0,71.23666666666666,2,1,Low Activity Users
1289,52,0,2,451.95,13,24.9,0,0,0,34.76538461538461,1,9,Frequent Shoppers
1290,42,1,0,563.62,4,35.9,1,0,0,140.905,3,2,Browsers
1291,46,1,1,578.43,16,25.7,1,0,1,36.151875,0,0,High Spenders
1292,35,0,2,413.94,12,37.6,1,1,1,34.495,1,11,Frequent Shoppers
1293,63,0,1,496.35,11,26.0,0,1,0,45.122727272727275,2,15,Low Activity Users
1294,35,1,0,821.34,12,30.9,0,0,0,68.44500000000001,0,-1,High Spenders
1295,19,0,2,759.13,15,25.0,1,1,1,50.608666666666664,1,11,Frequent Shoppers
1296,52,1,1,565.45,10,41.5,0,0,0,56.545,2,10,Low Activity Users
1297,33,1,2,505.7,8,43.6,1,0,0,63.2125,0,2,High Spenders
1298,58,1,1,518.0,11,32.7,0,0,1,47.09090909090909,2,5,Low Activity Users
1299,53,0,0,592.03,6,35.4,0,0,0,98.67166666666667,3,9,Browsers
1300,50,0,0,346.58,8,20.5,1,1,0,43.3225,1,4,Frequent Shoppers
1301,21,0,2,461.39,11,32.0,0,1,1,41.944545454545455,1,3,Frequent Shoppers
1302,50,0,1,249.71,12,34.5,0,1,1,20.809166666666666,2,3,Low Activity Users
1303,31,0,2,559.88,12,61.2,1,1,0,46.656666666666666,1,-1,Frequent Shoppers
1304,38,1,2,597.08,8,23.9,1,0,1,74.635,0,0,High Spenders
1305,37,1,1,427.52,9,49.6,0,1,0,47.50222222222222,2,1,Low Activity Users
1306,25,1,1,736.1,15,45.0,1,0,0,49.07333333333334,0,-1,High Spenders
1307,24,1,1,316.14,8,37.8,0,1,0,39.5175,2,1,Low Activity Users
1308,20,0,0,280.34,9,52.6,1,1,1,31.148888888888887,1,-1,Frequent Shoppers
1309,34,1,2,533.67,12,38.7,0,1,1,44.4725,2,6,Low Activity Users
1310,50,0,2,657.06,9,38.9,0,0,0,73.00666666666666,1,9,Frequent Shoppers
1311,29,1,0,752.59,9,34.5,1,0,0,83.62111111111112,0,2,High Spenders
1312,39,0,1,431.17,15,47.2,0,0,1,28.744666666666667,1,-1,Frequent Shoppers
1313,39,0,0,661.8,6,46.0,0,0,1,110.3,3,-1,Browsers
1314,63,1,0,494.22,11,28.7,1,1,1,44.92909090909091,0,12,High Spenders
1315,47,1,0,474.11,8,21.8,1,0,0,59.26375,0,2,High Spenders
1316,55,1,2,632.55,9,33.0,0,0,1,70.28333333333333,2,5,Low Activity Users
1317,55,1,0,597.85,12,27.0,1,1,1,49.82083333333333,0,12,High Spenders
1318,62,0,2,263.54,9,34.4,1,1,0,29.282222222222224,2,4,Low Activity Users
1319,25,1,2,721.48,12,47.4,0,0,0,60.123333333333335,1,-1,Frequent Shoppers
1320,44,1,2,707.01,10,30.4,0,1,0,70.701,2,1,Low Activity Users
1321,44,0,1,406.17,9,34.6,1,0,1,45.13,0,8,High Spenders
1322,51,1,2,559.37,6,35.6,1,1,0,93.22833333333334,3,-1,Browsers
1323,38,1,2,574.1,13,43.5,1,0,0,44.16153846153846,0,2,High Spenders
1324,47,1,1,539.1,8,12.5,0,0,0,67.3875,0,-1,High Spenders
1325,50,1,2,417.45,8,28.9,0,0,0,52.18125,2,10,Low Activity Users
1326,45,1,0,399.26,11,37.1,0,0,1,36.29636363636364,0,5,High Spenders
1327,64,0,0,496.17,18,47.0,0,0,0,27.565,1,-1,Frequent Shoppers
1328,50,1,2,675.91,9,30.1,0,1,1,75.10111111111111,2,6,Low Activity Users
1329,22,1,1,581.54,10,16.2,0,0,1,58.153999999999996,0,-1,High Spenders
1330,36,1,0,444.41,10,41.2,0,0,1,44.441,0,5,High Spenders
1331,21,1,1,615.75,9,28.6,1,0,0,68.41666666666667,0,2,High Spenders
1332,52,1,1,72.72,7,23.1,1,0,1,10.388571428571428,0,-1,High Spenders
1333,34,0,0,672.31,10,28.8,0,0,0,67.231,1,9,Frequent Shoppers
1334,61,1,1,239.04,11,33.2,0,1,0,21.73090909090909,2,1,Low Activity Users
1335,45,0,0,445.63,9,29.0,0,1,0,49.51444444444444,1,15,Frequent Shoppers
1336,47,0,1,332.05,10,12.9,1,0,1,33.205,0,8,High Spenders
1337,46,1,0,305.8,11,44.0,0,1,0,27.8,2,1,Low Activity Users
1338,63,1,2,674.12,11,47.7,1,0,0,61.28363636363636,0,2,High Spenders
1339,23,1,0,429.84,9,41.5,1,1,0,47.76,1,13,Frequent Shoppers
1340,52,1,0,551.98,10,23.6,1,1,1,55.198,0,12,High Spenders
1341,58,0,0,492.96,15,33.0,1,0,1,32.864,0,8,High Spenders
1342,54,1,0,571.56,10,34.9,1,1,1,57.15599999999999,0,12,High Spenders
1343,41,1,1,511.52,6,41.0,0,1,0,85.25333333333333,2,1,Low Activity Users
1344,46,1,2,307.55,6,41.7,0,0,1,51.25833333333333,2,5,Low Activity Users
1345,63,1,0,649.44,8,27.7,1,0,0,81.18,0,2,High Spenders
1346,48,1,1,425.94,16,35.8,0,1,0,26.62125,2,1,Low Activity Users
1347,52,1,2,266.51,10,39.6,1,1,1,26.651,2,12,Low Activity Users
1348,50,0,2,435.78,11,49.6,1,1,0,39.61636363636364,1,4,Frequent Shoppers
1349,38,0,2,725.11,8,42.0,0,0,1,90.63875,3,14,Browsers
1350,49,1,2,627.53,13,42.9,0,1,0,48.27153846153846,2,1,Low Activity Users
1351,40,1,0,447.7,10,35.8,0,1,1,44.769999999999996,2,6,Low Activity Users
1352,50,1,0,447.61,13,49.1,0,1,0,34.431538461538466,2,1,Low Activity Users
1353,20,0,1,451.75,7,39.1,0,0,0,64.53571428571429,1,9,Frequent Shoppers
1354,35,1,1,811.51,14,26.4,1,0,0,57.964999999999996,0,2,High Spenders
1355,42,0,1,557.29,9,49.0,0,0,0,61.92111111111111,1,9,Frequent Shoppers
1356,59,1,2,564.51,12,42.0,0,0,0,47.0425,2,10,Low Activity Users
1357,48,1,2,654.54,12,30.6,0,1,1,54.544999999999995,2,6,Low Activity Users
1358,20,1,0,535.82,8,30.2,1,0,0,66.9775,0,2,High Spenders
1359,57,1,2,461.14,13,38.0,0,1,1,35.472307692307695,2,6,Low Activity Users
1360,63,0,2,470.55,8,39.6,1,1,1,58.81875,2,11,Low Activity Users
1361,41,0,2,489.26,12,37.0,0,1,1,40.77166666666667,2,3,Low Activity Users
1362,49,1,1,494.42,11,38.1,0,1,0,44.947272727272725,2,1,Low Activity Users
1363,64,1,1,609.14,14,52.0,1,0,0,43.51,0,2,High Spenders
1364,39,0,0,507.79,5,45.7,0,0,0,101.558,3,9,Browsers
1365,40,0,2,609.9,4,36.9,0,0,1,152.475,3,-1,Browsers
1366,19,0,2,487.89,9,44.4,1,0,0,54.21,1,7,Frequent Shoppers
1367,44,0,0,511.8,8,24.7,0,0,0,63.975,1,9,Frequent Shoppers
1368,59,1,2,200.27,10,39.0,1,1,1,20.027,2,12,Low Activity Users
1369,19,0,2,637.45,4,53.1,1,0,1,159.3625,3,-1,Browsers
1370,43,1,1,551.97,3,32.8,1,0,1,183.99,3,-1,Browsers
1371,34,0,0,649.7,9,26.5,1,0,1,72.1888888888889,0,8,High Spenders
1372,57,0,0,65.56,7,28.5,1,0,1,9.365714285714287,0,-1,High Spenders
1373,50,0,0,813.26,9,24.1,0,1,1,90.36222222222221,3,-1,Browsers
1374,26,0,0,479.06,8,27.2,0,1,0,59.8825,1,15,Frequent Shoppers
1375,60,0,1,666.23,7,31.3,0,1,1,95.17571428571429,3,3,Browsers
1376,56,1,1,344.01,9,20.9,1,1,0,38.22333333333333,2,-1,Low Activity Users
1377,46,1,2,591.92,6,35.2,1,1,0,98.65333333333332,3,-1,Browsers
1378,59,0,2,341.99,10,44.0,1,0,0,34.199,2,-1,Low Activity Users
1379,43,0,2,406.43,11,25.9,1,1,1,36.948181818181816,2,11,Low Activity Users
1380,52,1,2,787.1,7,50.2,0,1,0,112.44285714285715,3,-1,Browsers
1381,42,0,1,471.4,10,40.1,0,1,1,47.14,2,3,Low Activity Users
1382,41,0,0,532.61,6,45.3,1,0,1,88.76833333333333,3,8,Browsers
1383,30,1,1,630.51,8,28.4,1,0,0,78.81375,0,2,High Spenders
1384,24,0,2,574.35,8,43.5,0,1,1,71.79375,1,3,Frequent Shoppers
1385,53,0,1,522.56,11,24.1,1,0,0,47.50545454545454,0,7,High Spenders
1386,62,1,0,554.74,12,43.9,1,0,0,46.22833333333333,0,2,High Spenders
1387,37,1,0,860.51,3,36.7,1,1,1,286.83666666666664,3,-1,Browsers
1388,18,1,1,491.36,12,40.5,0,0,0,40.946666666666665,1,-1,Frequent Shoppers
1389,25,0,1,530.16,14,23.2,0,0,0,37.86857142857143,1,-1,Frequent Shoppers
1390,63,1,1,657.6,7,26.0,1,0,0,93.94285714285715,3,2,Browsers
1391,33,1,2,665.83,8,41.0,0,1,1,83.22875,2,6,Low Activity Users
1392,31,1,1,678.05,9,25.5,1,1,0,75.33888888888889,0,-1,High Spenders
1393,29,1,1,595.81,14,39.6,1,1,1,42.55785714285714,0,12,High Spenders
1394,40,1,1,328.55,9,21.3,0,0,1,36.50555555555556,0,5,High Spenders
1395,32,1,0,745.01,5,43.5,1,1,0,149.002,3,-1,Browsers
1396,45,0,0,328.05,10,22.7,1,0,0,32.805,0,7,High Spenders
1397,51,0,2,545.4,11,40.5,0,0,1,49.58181818181818,2,14,Low Activity Users
1398,19,1,2,386.86,12,41.3,1,0,1,32.23833333333334,0,0,High Spenders
1399,49,1,0,490.38,17,28.0,1,1,0,28.845882352941175,0,-1,High Spenders
1400,40,1,0,549.31,8,40.8,1,1,0,68.66375,0,13,High Spenders
1401,39,0,0,548.2,13,37.6,0,1,1,42.16923076923077,1,3,Frequent Shoppers
1402,42,0,1,563.29,3,29.6,1,1,1,187.76333333333332,3,-1,Browsers
1403,39,0,1,742.06,17,24.9,0,0,1,43.650588235294116,1,-1,Frequent Shoppers
1404,39,0,0,568.03,9,15.4,1,1,1,63.114444444444445,0,-1,High Spenders
1405,59,0,1,463.38,7,38.5,1,0,1,66.19714285714285,0,8,High Spenders
1406,23,0,1,644.61,9,19.4,1,1,0,71.62333333333333,1,-1,Frequent Shoppers
1407,32,0,2,678.42,13,36.0,1,1,1,52.18615384615384,1,11,Frequent Shoppers
1408,60,0,0,315.86,7,32.4,0,1,1,45.12285714285714,2,-1,Low Activity Users
1409,54,0,0,589.61,10,41.8,0,0,0,58.961,1,9,Frequent Shoppers
1410,50,1,1,605.18,7,32.0,1,0,0,86.4542857142857,0,2,High Spenders
1411,25,1,0,455.37,11,31.7,1,0,1,41.39727272727273,0,0,High Spenders
1412,61,1,2,706.36,6,42.3,1,0,1,117.72666666666667,3,-1,Browsers
1413,61,1,2,477.49,12,38.4,1,0,0,39.79083333333333,0,2,High Spenders
1414,22,0,2,518.84,11,38.2,1,1,1,47.16727272727273,1,11,Frequent Shoppers
1415,56,0,0,474.04,12,39.7,1,0,1,39.50333333333334,0,8,High Spenders
1416,21,1,0,502.34,15,19.6,1,0,0,33.489333333333335,0,2,High Spenders
1417,23,0,0,335.56,9,42.6,1,0,1,37.284444444444446,0,8,High Spenders
1418,62,1,0,283.99,5,41.1,0,0,0,56.798,2,-1,Low Activity Users
1419,49,0,0,739.18,8,24.8,0,1,0,92.3975,3,15,Browsers
1420,47,1,2,372.96,8,32.6,0,0,0,46.62,2,10,Low Activity Users
1421,64,0,1,351.29,6,34.6,1,1,0,58.54833333333334,2,4,Low Activity Users
1422,52,0,2,176.99,10,33.7,1,1,1,17.699,2,11,Low Activity Users
1423,57,1,0,404.16,10,38.3,1,1,0,40.416000000000004,2,13,Low Activity Users
1424,33,0,2,301.54,18,49.3,0,0,1,16.752222222222223,1,-1,Frequent Shoppers
1425,30,1,0,746.3,12,45.8,1,1,1,62.19166666666666,0,12,High Spenders
1426,59,1,0,651.47,6,21.9,0,0,1,108.57833333333333,3,-1,Browsers
1427,47,1,2,396.78,6,41.2,1,0,1,66.13,0,0,High Spenders
1428,36,1,0,837.87,13,48.3,0,0,1,64.45153846153846,0,-1,High Spenders
1429,34,0,1,647.26,8,38.9,0,0,0,80.9075,1,9,Frequent Shoppers
1430,36,0,0,451.28,14,45.9,0,0,0,32.23428571428571,1,9,Frequent Shoppers
1431,45,0,1,125.09,13,55.1,1,1,0,9.622307692307693,1,-1,Frequent Shoppers
1432,43,1,1,843.64,9,45.2,0,1,0,93.73777777777778,3,-1,Browsers
1433,54,0,0,291.56,4,37.5,1,0,1,72.89,0,8,High Spenders
1434,43,1,2,253.19,7,45.5,1,1,0,36.17,2,-1,Low Activity Users
1435,40,0,1,653.39,12,36.4,1,0,1,54.44916666666666,0,8,High Spenders
1436,26,0,2,865.96,16,35.2,1,1,1,54.1225,1,11,Frequent Shoppers
1437,29,0,1,707.64,18,31.5,1,1,0,39.31333333333333,1,-1,Frequent Shoppers
1438,18,1,0,584.59,9,50.6,0,1,0,64.95444444444445,1,1,Frequent Shoppers
1439,18,0,0,589.21,7,26.8,1,1,0,84.17285714285715,1,4,Frequent Shoppers
1440,64,0,1,628.01,11,50.3,1,1,0,57.091818181818184,1,4,Frequent Shoppers
1441,51,1,0,613.84,11,40.0,1,0,1,55.803636363636365,0,0,High Spenders
1442,49,0,1,542.18,13,21.0,1,0,1,41.70615384615384,0,8,High Spenders
1443,42,1,0,515.63,9,38.7,1,1,0,57.29222222222222,0,13,High Spenders
1444,57,0,2,490.61,7,14.0,0,0,1,70.08714285714287,2,-1,Low Activity Users
1445,62,1,0,386.91,15,41.3,0,1,1,25.794,2,6,Low Activity Users
1446,18,1,2,457.9,10,43.9,1,0,1,45.79,0,0,High Spenders
1447,33,0,0,246.06,12,29.1,0,1,0,20.505,1,15,Frequent Shoppers
1448,56,1,2,485.25,6,36.2,0,1,1,80.875,2,6,Low Activity Users
1449,22,1,0,351.71,11,54.5,1,1,0,31.973636363636363,1,13,Frequent Shoppers
1450,39,1,2,334.46,10,29.9,0,0,0,33.446,2,10,Low Activity Users
1451,46,1,1,526.98,10,24.4,1,0,1,52.698,0,0,High Spenders
1452,20,1,1,708.8,4,49.8,0,1,1,177.2,3,-1,Browsers
1453,29,1,2,637.75,13,54.6,0,1,0,49.05769230769231,1,1,Frequent Shoppers
1454,43,0,0,264.42,10,35.0,0,0,1,26.442,2,-1,Low Activity Users
1455,33,1,2,351.56,9,45.1,1,0,1,39.062222222222225,0,0,High Spenders
1456,54,1,0,641.12,14,48.4,0,0,0,45.794285714285714,0,10,High Spenders
1457,39,0,1,352.63,18,27.6,0,0,0,19.590555555555554,1,-1,Frequent Shoppers
1458,46,0,0,466.31,11,30.1,1,0,0,42.39181818181818,0,7,High Spenders
1459,31,0,1,582.51,9,47.3,1,1,0,64.72333333333333,1,4,Frequent Shoppers
1460,45,0,0,354.75,16,51.9,0,0,1,22.171875,1,-1,Frequent Shoppers
1461,22,0,0,515.81,13,40.6,1,1,1,39.677692307692304,1,11,Frequent Shoppers
1462,64,0,0,299.9,10,26.2,0,1,0,29.99,2,15,Low Activity Users
1463,47,0,2,409.79,7,54.9,0,0,0,58.541428571428575,2,9,Low Activity Users
1464,63,1,2,547.97,12,29.7,1,0,0,45.66416666666667,0,2,High Spenders
1465,22,1,1,261.05,11,31.6,1,1,1,23.731818181818184,0,12,High Spenders
1466,29,0,1,566.07,10,38.4,1,0,0,56.607000000000006,1,7,Frequent Shoppers
1467,33,1,2,497.05,16,50.5,0,1,1,31.065625,2,6,Low Activity Users
1468,43,1,1,582.87,11,43.5,1,0,0,52.98818181818182,0,2,High Spenders
1469,43,1,2,533.59,8,39.1,0,0,0,66.69875,2,10,Low Activity Users
1470,38,0,0,704.62,12,39.6,1,0,0,58.718333333333334,1,7,Frequent Shoppers
1471,56,0,1,518.78,9,35.4,0,1,1,57.642222222222216,2,3,Low Activity Users
1472,53,1,1,435.59,10,40.6,1,0,1,43.559,0,0,High Spenders
1473,50,0,2,518.34,5,9.7,0,1,1,103.668,3,-1,Browsers
1474,47,1,1,581.49,9,32.0,1,0,0,64.61,0,2,High Spenders
1475,54,1,1,507.33,13,37.4,0,1,1,39.02538461538462,2,6,Low Activity Users
1476,40,1,0,506.09,9,23.5,1,0,1,56.23222222222222,0,0,High Spenders
1477,27,1,1,394.7,11,38.9,1,1,0,35.88181818181818,1,13,Frequent Shoppers
1478,22,0,0,400.56,13,33.0,0,1,0,30.81230769230769,1,15,Frequent Shoppers
1479,53,0,2,289.61,11,52.6,1,1,1,26.328181818181818,2,-1,Low Activity Users
1480,51,0,1,762.44,11,50.7,0,1,1,69.31272727272727,2,-1,Low Activity Users
1481,48,1,0,313.42,5,30.3,0,1,1,62.684000000000005,2,6,Low Activity Users
1482,27,0,2,396.06,7,33.5,1,1,1,56.58,1,11,Frequent Shoppers
1483,36,1,1,392.24,2,34.3,0,0,0,196.12,3,-1,Browsers
1484,49,0,2,634.24,14,30.5,1,1,0,45.30285714285714,1,4,Frequent Shoppers
1485,18,1,1,455.76,17,37.0,1,1,0,26.80941176470588,1,-1,Frequent Shoppers
1486,22,1,2,687.16,9,27.4,0,1,1,76.35111111111111,2,6,Low Activity Users
1487,62,1,2,398.98,10,23.7,1,0,1,39.898,0,0,High Spenders
1488,21,0,0,541.85,8,41.2,0,0,0,67.73125,1,9,Frequent Shoppers
1489,33,0,2,374.7,15,41.3,0,0,0,24.98,1,9,Frequent Shoppers
1490,41,0,1,821.77,13,27.0,1,1,1,63.21307692307692,1,11,Frequent Shoppers
1491,33,0,1,321.86,10,44.0,1,0,1,32.186,0,8,High Spenders
1492,19,1,0,546.47,11,28.7,0,0,0,49.67909090909091,1,-1,Frequent Shoppers
1493,45,0,1,595.07,8,37.5,0,1,0,74.38375,1,15,Frequent Shoppers
1494,49,0,1,562.07,7,43.2,1,1,0,80.2957142857143,1,4,Frequent Shoppers
1495,44,1,1,472.21,10,34.7,1,0,1,47.221,0,0,High Spenders
1496,37,1,2,480.53,8,39.5,1,1,1,60.06625,2,12,Low Activity Users
1497,41,1,2,506.57,13,29.8,1,1,1,38.966923076923074,2,12,Low Activity Users
1498,29,0,1,477.95,10,33.0,0,1,1,47.795,1,3,Frequent Shoppers
1499,52,1,0,644.58,9,32.9,1,1,1,71.62,0,12,High Spenders
1500,50,1,2,831.58,6,27.5,0,0,1,138.59666666666666,3,-1,Browsers
